,timestamp,username,message,sentiment
413,2025-05-01T13:38:37.690763,user3289,modlar nerede ya,negative
488,2025-05-01T14:14:37.694864,user335,adam tam bir profesyonel,positive
421,2025-05-01T14:47:37.691364,user8343,çok keyif aldım,positive
334,2025-05-01T15:51:37.684150,user963,çok sıkıldım ya,negative
457,2025-05-01T15:55:37.693434,user4182,yayın açık arka planda,neutral
91,2025-05-01T16:01:37.661567,user5877,efsane chat var bugün,positive
233,2025-05-01T16:02:37.672645,user9145,şu anlık normal,neutral
191,2025-05-01T16:38:37.669590,user5513,çok sıkıldım ya,negative
100,2025-05-01T16:42:37.661782,user1318,bakalım nasıl olacak,neutral
336,2025-05-01T16:50:37.684337,user5654,aynı şeyleri tekrar edip duruyor,negative
432,2025-05-01T17:01:37.691736,user3468,herkes pozitif çok güzel ortam,positive
366,2025-05-01T17:40:37.686731,user1494,gelen geçen küfür ediyor,negative
124,2025-05-01T17:48:37.663397,user1863,kimse konuşmuyor ama izliyor,neutral
300,2025-05-01T18:04:37.677486,user1259,berbat deneyimdi,negative
63,2025-05-01T18:11:37.660330,user1981,modlar nerede ya,negative
411,2025-05-01T18:18:37.690722,user2212,gereksiz uzattı,negative
137,2025-05-01T18:30:37.664935,user8492,niye bu kadar bağırıyor,negative
486,2025-05-01T19:16:37.694631,user1694,bakalım nasıl olacak,neutral
472,2025-05-01T19:17:37.694029,user3007,bağlantı kötü sürekli donuyor,negative
72,2025-05-01T19:30:37.660590,user1183,aynı şeyleri tekrar edip duruyor,negative
310,2025-05-01T19:36:37.678837,user457,gelen geçen küfür ediyor,negative
31,2025-05-01T19:43:37.658310,user9053,güldüm baya ahahha,positive
4,2025-05-01T20:21:37.656876,user9807,kaliteli yayın bu işte,positive
209,2025-05-01T20:49:37.670557,user8508,moderatörler aktif,neutral
267,2025-05-01T20:54:37.674142,user4750,bugün biraz sessiz,neutral
345,2025-05-01T20:59:37.685136,user3314,yine döktürdü hoca,positive
360,2025-05-01T21:09:37.686254,user7760,chat sakin ama izleniyor,neutral
272,2025-05-01T21:33:37.674324,user9439,çok faydalı oldu,positive
328,2025-05-01T21:54:37.683564,user2170,tam zamanında geldim,positive
178,2025-05-01T21:56:37.668857,user400,chat yine standart,neutral
83,2025-05-01T22:12:37.661122,user1156,niye bu kadar bağırıyor,negative
105,2025-05-01T22:12:37.662057,user92,kaliteli yayın bu işte,positive
330,2025-05-01T22:20:37.683719,user221,kötü değil ama mükemmel de değil,neutral
67,2025-05-01T22:27:37.660460,user1350,gelen geçen küfür ediyor,negative
204,2025-05-01T22:34:37.670409,user5799,tam zamanında geldim,positive
248,2025-05-01T23:21:37.673407,user2197,bugün biraz sessiz,neutral
129,2025-05-01T23:50:37.664067,user4742,her şey normal gidiyor,neutral
132,2025-05-02T00:33:37.664414,user9555,yayını kaçırmamak gerek,positive
414,2025-05-02T01:32:37.690779,user1938,yine döktürdü hoca,positive
262,2025-05-02T01:50:37.674051,user3264,tam troll yayını,negative
357,2025-05-02T02:44:37.686100,user9855,izlemeye devam,neutral
249,2025-05-02T02:46:37.673426,user4852,herkes pozitif çok güzel ortam,positive
182,2025-05-02T03:06:37.668971,user5589,bağlantı kötü sürekli donuyor,negative
66,2025-05-02T03:57:37.660440,user7115,aynı şeyleri tekrar edip duruyor,negative
32,2025-05-02T04:09:37.658358,user3624,çok sıkıldım ya,negative
167,2025-05-02T04:09:37.668468,user9762,gereksiz uzattı,negative
498,2025-05-02T04:24:37.696189,user7282,yine döktürdü hoca,positive
430,2025-05-02T04:28:37.691693,user1012,hocam kral adamsın,positive
447,2025-05-02T04:36:37.692820,user2540,gereksiz uzattı,negative
493,2025-05-02T04:40:37.695356,user7769,kimse konuşmuyor ama izliyor,neutral
313,2025-05-02T04:59:37.681468,user5665,şu anlık normal,neutral
277,2025-05-02T06:55:37.674468,user8654,arada bir bakıyorum,neutral
58,2025-05-02T07:08:37.659825,user9737,harika maçtı,positive
442,2025-05-02T07:19:37.692732,user5575,şu anlık normal,neutral
179,2025-05-02T07:20:37.668886,user8293,çok yorum gelmiyor bugün,neutral
197,2025-05-02T07:24:37.670061,user8360,kaliteli yayın bu işte,positive
94,2025-05-02T07:47:37.661635,user5539,harika maçtı,positive
436,2025-05-02T08:34:37.692171,user9834,hocam ses tonun bile motive ediyor,positive
399,2025-05-02T08:50:37.690142,user2313,bu ne biçim içerik,negative
383,2025-05-02T09:19:37.688528,user8889,yayın açık arka planda,neutral
49,2025-05-02T09:26:37.659215,user4785,tam zamanında geldim,positive
3,2025-05-02T09:36:37.656843,user5407,bağlantı kötü sürekli donuyor,negative
36,2025-05-02T09:52:37.658641,user9386,yayın efsane gidiyor,positive
163,2025-05-02T09:55:37.668136,user6622,çok sıkıldım ya,negative
12,2025-05-02T10:13:37.657570,user2160,chat yine standart,neutral
147,2025-05-02T10:18:37.666074,user7141,yayın akıyor valla 🔥,positive
258,2025-05-02T10:20:37.673963,user7294,hocam kral adamsın,positive
240,2025-05-02T10:30:37.673216,user2038,tam troll yayını,negative
446,2025-05-02T10:57:37.692804,user4102,biraz geç geldim,neutral
210,2025-05-02T12:00:37.670597,user8754,adam tam bir profesyonel,positive
110,2025-05-02T12:03:37.662235,user2824,tam zamanında geldim,positive
73,2025-05-02T12:33:37.660639,user9997,çok faydalı oldu,positive
478,2025-05-02T12:54:37.694141,user1404,çok kötüydü yayın,negative
407,2025-05-02T13:19:37.690583,user5504,çok faydalı oldu,positive
339,2025-05-02T13:33:37.684609,user7021,modlar nerede ya,negative
312,2025-05-02T13:39:37.681367,user257,chat yine standart,neutral
64,2025-05-02T14:03:37.660366,user4294,bazen oluyor böyle,neutral
482,2025-05-02T14:22:37.694468,user5081,emin değilim konu ne,neutral
95,2025-05-02T14:29:37.661653,user3379,çok yorum gelmiyor bugün,neutral
448,2025-05-02T14:33:37.692835,user823,yayın açık arka planda,neutral
396,2025-05-02T14:41:37.689962,user6857,hiçbir şey anlamıyorum,negative
368,2025-05-02T14:43:37.686945,user4467,hocam hiç anlaşılmıyor,negative
203,2025-05-02T15:15:37.670387,user7630,tam troll yayını,negative
350,2025-05-02T16:25:37.685608,user8359,chat yine standart,neutral
278,2025-05-02T16:56:37.674485,user8906,aynı şeyleri tekrar edip duruyor,negative
429,2025-05-02T16:56:37.691676,user2998,gelen geçen küfür ediyor,negative
219,2025-05-02T17:05:37.670935,user3575,tam zamanında geldim,positive
385,2025-05-02T17:31:37.688723,user7668,yayını kaçırmamak gerek,positive
127,2025-05-02T17:33:37.663693,user4098,bakalım nasıl olacak,neutral
23,2025-05-02T17:58:37.657953,user6498,helal beeee 👏,positive
304,2025-05-02T18:09:37.677941,user1640,tam zamanında geldim,positive
212,2025-05-02T18:12:37.670665,user4933,chat yine standart,neutral
379,2025-05-02T18:34:37.688173,user8535,helal beeee 👏,positive
27,2025-05-02T18:52:37.658136,user1880,bir daha gelmem,negative
290,2025-05-02T19:11:37.675747,user8403,yayın açık arka planda,neutral
497,2025-05-02T19:34:37.696117,user1277,bir daha gelmem,negative
45,2025-05-02T19:50:37.659139,user4431,hocam ses tonun bile motive ediyor,positive
115,2025-05-02T20:53:37.662527,user1965,çok kötüydü yayın,negative
376,2025-05-02T21:14:37.687781,user2567,bir daha gelmem,negative
275,2025-05-02T21:35:37.674434,user351,hiçbir şey anlamıyorum,negative
384,2025-05-02T21:35:37.688627,user4707,chat zehir gibi olmuş,negative
353,2025-05-02T21:47:37.685866,user3879,çok bozdu bu yayın,negative
68,2025-05-02T21:56:37.660478,user6965,yayın akıyor valla 🔥,positive
92,2025-05-02T21:56:37.661590,user1841,bugün biraz sessiz,neutral
122,2025-05-02T22:44:37.663204,user1479,yayın açık arka planda,neutral
57,2025-05-02T22:55:37.659739,user4928,çok sıkıldım ya,negative
206,2025-05-02T23:15:37.670450,user9755,kimse konuşmuyor ama izliyor,neutral
327,2025-05-02T23:21:37.683477,user1900,gelen geçen küfür ediyor,negative
431,2025-05-03T00:03:37.691719,user655,tüm gün bunu bekledim,positive
88,2025-05-03T01:36:37.661426,user2456,arada donuyor sanki,neutral
228,2025-05-03T01:38:37.672081,user611,harika maçtı,positive
380,2025-05-03T01:56:37.688246,user2544,ses yankı yapıyor,negative
314,2025-05-03T02:37:37.681537,user1038,kötü değil ama mükemmel de değil,neutral
175,2025-05-03T03:21:37.668803,user6915,ortam dengeli bugün,neutral
318,2025-05-03T03:38:37.682720,user326,modlar nerede ya,negative
121,2025-05-03T03:55:37.663099,user6863,emin değilim konu ne,neutral
44,2025-05-03T04:26:37.659116,user575,bir daha gelmem,negative
438,2025-05-03T04:42:37.692532,user3171,herkes pozitif çok güzel ortam,positive
315,2025-05-03T05:15:37.681713,user9600,tam zamanında geldim,positive
213,2025-05-03T05:43:37.670684,user1095,modlar nerede ya,negative
149,2025-05-03T06:08:37.666258,user8628,şu anlık normal,neutral
352,2025-05-03T06:16:37.685772,user811,modlar nerede ya,negative
495,2025-05-03T06:25:37.695696,user3152,yayın akıyor valla 🔥,positive
325,2025-05-03T06:28:37.683330,user642,kötü değil ama mükemmel de değil,neutral
169,2025-05-03T06:42:37.668585,user8226,yine döktürdü hoca,positive
473,2025-05-03T07:08:37.694046,user2730,yayın akıyor valla 🔥,positive
299,2025-05-03T07:51:37.677303,user5050,modlar nerede ya,negative
270,2025-05-03T08:49:37.674212,user5798,izlemeye devam,neutral
268,2025-05-03T09:03:37.674161,user6197,bağlantı kötü sürekli donuyor,negative
188,2025-05-03T09:20:37.669066,user4095,helal beeee 👏,positive
55,2025-05-03T09:23:37.659476,user1750,hocam hiç hazırlanmamış,negative
426,2025-05-03T09:40:37.691612,user5806,izlemeye devam,neutral
362,2025-05-03T10:12:37.686378,user1087,helal beeee 👏,positive
19,2025-05-03T10:31:37.657880,user2350,chat zehir gibi olmuş,negative
395,2025-05-03T10:50:37.689686,user4037,bazen oluyor böyle,neutral
287,2025-05-03T11:07:37.675540,user7810,rezalet resmen,negative
253,2025-05-03T11:10:37.673663,user1938,bakalım nasıl olacak,neutral
451,2025-05-03T11:12:37.693067,user6386,hocam kral adamsın,positive
259,2025-05-03T11:26:37.673996,user4048,yayın efsane gidiyor,positive
301,2025-05-03T11:48:37.677661,user3781,chat çok iyi yaa,positive
280,2025-05-03T12:00:37.674540,user6548,şu anlık normal,neutral
71,2025-05-03T12:10:37.660530,user6636,hocam ses tonun bile motive ediyor,positive
282,2025-05-03T12:13:37.674777,user6933,kötü değil ama mükemmel de değil,neutral
470,2025-05-03T12:15:37.693995,user4321,chat yine standart,neutral
404,2025-05-03T12:20:37.690529,user7193,konu biraz dağınık,neutral
250,2025-05-03T13:15:37.673443,user7665,izlemeye devam,neutral
108,2025-05-03T13:16:37.662113,user7895,her şey normal gidiyor,neutral
246,2025-05-03T13:23:37.673361,user1802,hiçbir şey anlamıyorum,negative
159,2025-05-03T13:45:37.667605,user7804,berbat deneyimdi,negative
454,2025-05-03T14:22:37.693287,user7908,çok sıkıldım ya,negative
107,2025-05-03T14:31:37.662094,user5163,izlemeye devam,neutral
97,2025-05-03T15:03:37.661687,user9442,çok yorum gelmiyor bugün,neutral
211,2025-05-03T15:54:37.670619,user2874,chat çok iyi yaa,positive
394,2025-05-03T15:59:37.689553,user4061,çok faydalı oldu,positive
101,2025-05-03T16:11:37.661846,user1882,gelen geçen küfür ediyor,negative
205,2025-05-03T16:22:37.670432,user7298,gereksiz uzattı,negative
434,2025-05-03T17:01:37.691768,user47,bu ne biçim içerik,negative
401,2025-05-03T17:10:37.690345,user2693,yayın efsane gidiyor,positive
230,2025-05-03T17:17:37.672307,user7038,harika maçtı,positive
60,2025-05-03T17:21:37.660167,user8980,arada donuyor sanki,neutral
59,2025-05-03T17:26:37.660054,user3806,berbat deneyimdi,negative
192,2025-05-03T17:52:37.669726,user7114,güldüm baya ahahha,positive
214,2025-05-03T17:58:37.670701,user1862,herkes pozitif çok güzel ortam,positive
397,2025-05-03T18:05:37.690046,user8176,chat yine standart,neutral
344,2025-05-03T18:30:37.685047,user258,yayın açık arka planda,neutral
417,2025-05-03T18:36:37.690914,user766,güldüm baya ahahha,positive
85,2025-05-03T18:54:37.661281,user5544,tüm gün bunu bekledim,positive
162,2025-05-03T19:00:37.668047,user1976,izlemeye devam,neutral
86,2025-05-03T19:03:37.661343,user2377,hocam hiç anlaşılmıyor,negative
144,2025-05-03T19:32:37.665802,user8290,konu biraz dağınık,neutral
198,2025-05-03T19:33:37.670112,user1059,ortam dengeli bugün,neutral
194,2025-05-03T19:38:37.669861,user457,kötü değil ama mükemmel de değil,neutral
136,2025-05-03T19:43:37.664839,user4620,chat zehir gibi olmuş,negative
90,2025-05-03T20:25:37.661524,user7231,ses yankı yapıyor,negative
423,2025-05-03T20:52:37.691528,user8435,arada bir bakıyorum,neutral
285,2025-05-03T21:02:37.675238,user3035,hocam anlat anlat bitmesin,positive
146,2025-05-03T21:14:37.665986,user1311,arada bir bakıyorum,neutral
428,2025-05-03T21:24:37.691657,user8749,bağlantı kötü sürekli donuyor,negative
288,2025-05-03T22:58:37.675637,user5680,kaliteli yayın bu işte,positive
378,2025-05-03T22:58:37.688072,user4067,rezalet resmen,negative
372,2025-05-03T23:03:37.687382,user5578,kaliteli yayın bu işte,positive
104,2025-05-03T23:04:37.662011,user651,hocam hiç anlaşılmıyor,negative
15,2025-05-03T23:34:37.657654,user2786,tam zamanında geldim,positive
172,2025-05-03T23:48:37.668718,user2565,ortam dengeli bugün,neutral
247,2025-05-04T00:04:37.673390,user455,chat zehir gibi olmuş,negative
307,2025-05-04T00:07:37.678422,user5366,tam zamanında geldim,positive
24,2025-05-04T00:22:37.658013,user8511,arada bir bakıyorum,neutral
237,2025-05-04T00:23:37.673011,user1518,kötü değil ama mükemmel de değil,neutral
190,2025-05-04T00:24:37.669418,user2581,aynı şeyleri tekrar edip duruyor,negative
238,2025-05-04T00:26:37.673066,user4275,herkes pozitif çok güzel ortam,positive
151,2025-05-04T00:54:37.666499,user825,bakalım nasıl olacak,neutral
150,2025-05-04T01:03:37.666404,user2288,rezalet resmen,negative
5,2025-05-04T01:12:37.656933,user4228,şu anlık normal,neutral
406,2025-05-04T01:30:37.690567,user8199,güldüm baya ahahha,positive
187,2025-05-04T02:21:37.669050,user4387,ses yankı yapıyor,negative
317,2025-05-04T02:36:37.682038,user8049,rezalet resmen,negative
261,2025-05-04T03:01:37.674032,user7014,çok faydalı oldu,positive
484,2025-05-04T03:05:37.694504,user1586,hocam ses tonun bile motive ediyor,positive
281,2025-05-04T03:30:37.674603,user897,ses yankı yapıyor,negative
139,2025-05-04T03:31:37.665142,user8987,berbat deneyimdi,negative
96,2025-05-04T04:04:37.661670,user2353,emin değilim konu ne,neutral
164,2025-05-04T04:12:37.668180,user8040,adam tam bir profesyonel,positive
256,2025-05-04T05:14:37.673877,user1828,çok bozdu bu yayın,negative
351,2025-05-04T05:51:37.685699,user6208,bağlantı kötü sürekli donuyor,negative
293,2025-05-04T06:17:37.676639,user1765,hocam hiç hazırlanmamış,negative
154,2025-05-04T06:22:37.666686,user6518,kimse konuşmuyor ama izliyor,neutral
265,2025-05-04T06:41:37.674102,user7329,chat yine standart,neutral
207,2025-05-04T06:58:37.670467,user2410,kötü değil ama mükemmel de değil,neutral
47,2025-05-04T07:31:37.659175,user74,kimse konuşmuyor ama izliyor,neutral
459,2025-05-04T07:41:37.693574,user7822,gereksiz uzattı,negative
441,2025-05-04T08:38:37.692698,user6744,bu ne biçim içerik,negative
297,2025-05-04T08:40:37.676865,user6845,modlar nerede ya,negative
263,2025-05-04T08:47:37.674068,user6842,hocam ses tonun bile motive ediyor,positive
7,2025-05-04T09:39:37.657147,user1689,şu anlık normal,neutral
469,2025-05-04T09:58:37.693979,user1558,bu ne biçim içerik,negative
255,2025-05-04T10:23:37.673823,user6162,ses yankı yapıyor,negative
316,2025-05-04T10:31:37.681860,user4744,chat yine standart,neutral
346,2025-05-04T10:33:37.685247,user5583,helal beeee 👏,positive
1,2025-05-04T10:34:37.656721,user6517,chat çok iyi yaa,positive
306,2025-05-04T10:40:37.678299,user1806,bu ne biçim içerik,negative
118,2025-05-04T10:48:37.662706,user7997,herkes pozitif çok güzel ortam,positive
165,2025-05-04T11:41:37.668215,user2834,çok keyif aldım,positive
463,2025-05-04T11:43:37.693820,user2987,biraz geç geldim,neutral
8,2025-05-04T13:02:37.657219,user9513,niye bu kadar bağırıyor,negative
239,2025-05-04T13:22:37.673146,user3829,tüm gün bunu bekledim,positive
138,2025-05-04T13:26:37.665035,user2271,yine döktürdü hoca,positive
466,2025-05-04T13:41:37.693921,user3037,hocam hiç hazırlanmamış,negative
20,2025-05-04T13:45:37.657898,user8637,herkes pozitif çok güzel ortam,positive
323,2025-05-04T13:53:37.683177,user1077,kötü değil ama mükemmel de değil,neutral
223,2025-05-04T14:47:37.671355,user9717,sıfır keyif,negative
38,2025-05-04T15:09:37.658754,user1368,bir daha gelmem,negative
398,2025-05-04T15:19:37.690105,user9592,hocam kral adamsın,positive
266,2025-05-04T15:45:37.674118,user5855,sıfır keyif,negative
43,2025-05-04T15:53:37.659076,user9459,ortam dengeli bugün,neutral
30,2025-05-04T16:22:37.658241,user9586,arada donuyor sanki,neutral
33,2025-05-04T16:26:37.658380,user3481,çok iyi anlatıyor ya,positive
456,2025-05-04T16:27:37.693387,user9469,kimse konuşmuyor ama izliyor,neutral
292,2025-05-04T16:38:37.676568,user8536,yayın akıyor valla 🔥,positive
422,2025-05-04T16:43:37.691458,user7278,niye bu kadar bağırıyor,negative
208,2025-05-04T16:49:37.670502,user6612,arada bir bakıyorum,neutral
80,2025-05-04T16:57:37.661009,user8499,çok faydalı oldu,positive
393,2025-05-04T17:04:37.689489,user1239,arada bir bakıyorum,neutral
329,2025-05-04T18:26:37.683632,user12,chat sakin ama izleniyor,neutral
217,2025-05-04T18:29:37.670830,user409,moderatörler aktif,neutral
481,2025-05-04T19:46:37.694433,user4035,kötü değil ama mükemmel de değil,neutral
195,2025-05-04T20:04:37.669919,user1138,chat yine standart,neutral
158,2025-05-04T20:14:37.667549,user3430,yayın açık arka planda,neutral
231,2025-05-04T20:30:37.672504,user5822,hocam kral adamsın,positive
229,2025-05-04T20:42:37.672229,user5782,şu anlık normal,neutral
9,2025-05-04T21:33:37.657370,user7938,helal beeee 👏,positive
465,2025-05-04T21:38:37.693903,user1654,yayını kaçırmamak gerek,positive
130,2025-05-04T22:24:37.664180,user2882,hiçbir şey anlamıyorum,negative
142,2025-05-04T22:50:37.665578,user4705,chat sakin ama izleniyor,neutral
364,2025-05-04T22:51:37.686562,user2930,harika maçtı,positive
74,2025-05-04T23:42:37.660701,user9262,çok bozdu bu yayın,negative
474,2025-05-04T23:50:37.694062,user6170,kötü değil ama mükemmel de değil,neutral
84,2025-05-05T00:00:37.661190,user4948,konu biraz dağınık,neutral
373,2025-05-05T00:09:37.687502,user8892,efsane chat var bugün,positive
199,2025-05-05T00:21:37.670175,user8772,rezalet resmen,negative
491,2025-05-05T00:34:37.695067,user8140,kötü değil ama mükemmel de değil,neutral
487,2025-05-05T00:56:37.694775,user9668,çok faydalı oldu,positive
56,2025-05-05T01:12:37.659646,user2558,helal beeee 👏,positive
221,2025-05-05T01:15:37.671049,user5554,konu biraz dağınık,neutral
433,2025-05-05T01:19:37.691752,user8056,chat zehir gibi olmuş,negative
443,2025-05-05T01:47:37.692753,user3476,hiçbir şey anlamıyorum,negative
145,2025-05-05T02:11:37.665895,user3454,çok yorum gelmiyor bugün,neutral
458,2025-05-05T02:31:37.693486,user1402,gelen geçen küfür ediyor,negative
185,2025-05-05T02:40:37.669019,user2217,ses yankı yapıyor,negative
425,2025-05-05T02:41:37.691591,user4008,ortam dengeli bugün,neutral
388,2025-05-05T02:46:37.688960,user3865,gelen geçen küfür ediyor,negative
143,2025-05-05T02:58:37.665702,user4700,çok faydalı oldu,positive
215,2025-05-05T03:13:37.670729,user9203,emin değilim konu ne,neutral
319,2025-05-05T03:16:37.682844,user4217,izlemeye devam,neutral
365,2025-05-05T03:16:37.686628,user8997,bakalım nasıl olacak,neutral
42,2025-05-05T04:05:37.659022,user2095,gelen geçen küfür ediyor,negative
161,2025-05-05T04:15:37.667745,user1954,chat zehir gibi olmuş,negative
403,2025-05-05T06:14:37.690489,user780,çok yorum gelmiyor bugün,neutral
166,2025-05-05T06:54:37.668374,user9049,tam troll yayını,negative
389,2025-05-05T07:13:37.689046,user7315,çok faydalı oldu,positive
52,2025-05-05T08:06:37.659308,user6743,çok sıkıldım ya,negative
337,2025-05-05T08:23:37.684428,user2708,ortam dengeli bugün,neutral
152,2025-05-05T09:42:37.666572,user747,adam tam bir profesyonel,positive
476,2025-05-05T09:43:37.694095,user8110,adam tam bir profesyonel,positive
331,2025-05-05T09:54:37.683817,user73,hocam hiç hazırlanmamış,negative
17,2025-05-05T09:59:37.657808,user8494,çok bozdu bu yayın,negative
382,2025-05-05T10:03:37.688410,user2717,hocam anlat anlat bitmesin,positive
225,2025-05-05T10:27:37.671706,user5411,hocam hiç hazırlanmamış,negative
18,2025-05-05T11:23:37.657856,user7536,hiçbir şey anlamıyorum,negative
202,2025-05-05T11:47:37.670359,user2407,yayın açık arka planda,neutral
35,2025-05-05T11:49:37.658537,user1173,hocam hiç hazırlanmamış,negative
420,2025-05-05T11:50:37.691218,user4340,ne anlatıyor şu an?,neutral
99,2025-05-05T11:57:37.661724,user5326,efsane chat var bugün,positive
78,2025-05-05T12:00:37.660934,user2155,niye bu kadar bağırıyor,negative
6,2025-05-05T12:06:37.657069,user2119,ses yankı yapıyor,negative
471,2025-05-05T12:09:37.694012,user8589,kötü değil ama mükemmel de değil,neutral
355,2025-05-05T13:35:37.686015,user6610,her şey normal gidiyor,neutral
489,2025-05-05T13:38:37.694928,user8961,konu biraz dağınık,neutral
232,2025-05-05T14:11:37.672582,user482,yayını kaçırmamak gerek,positive
291,2025-05-05T14:25:37.676452,user6498,harika maçtı,positive
46,2025-05-05T15:02:37.659157,user3551,her şey normal gidiyor,neutral
196,2025-05-05T15:10:37.669999,user2413,bir daha gelmem,negative
216,2025-05-05T15:27:37.670759,user7235,hocam ses tonun bile motive ediyor,positive
453,2025-05-05T15:27:37.693210,user2424,şu anlık normal,neutral
371,2025-05-05T15:43:37.687195,user4454,chat çok iyi yaa,positive
279,2025-05-05T16:12:37.674514,user9967,konu biraz dağınık,neutral
435,2025-05-05T16:43:37.691827,user4398,bağlantı kötü sürekli donuyor,negative
271,2025-05-05T16:46:37.674275,user4279,chat çok iyi yaa,positive
341,2025-05-05T17:07:37.684783,user9441,hocam hiç hazırlanmamış,negative
485,2025-05-05T17:45:37.694557,user1152,hocam hiç anlaşılmıyor,negative
173,2025-05-05T18:29:37.668764,user3022,hiçbir şey anlamıyorum,negative
439,2025-05-05T19:00:37.692620,user917,yayını kaçırmamak gerek,positive
390,2025-05-05T19:13:37.689179,user1390,ortam dengeli bugün,neutral
477,2025-05-05T19:30:37.694112,user5773,çok bozdu bu yayın,negative
153,2025-05-05T20:26:37.666631,user8363,modlar nerede ya,negative
415,2025-05-05T20:29:37.690805,user886,tam troll yayını,negative
21,2025-05-05T21:12:37.657916,user2582,chat zehir gibi olmuş,negative
324,2025-05-05T21:50:37.683263,user6509,biraz geç geldim,neutral
37,2025-05-05T21:51:37.658690,user8651,niye bu kadar bağırıyor,negative
141,2025-05-05T22:24:37.665487,user4851,chat zehir gibi olmuş,negative
184,2025-05-05T22:55:37.669003,user8350,çok keyif aldım,positive
370,2025-05-05T23:03:37.687120,user8413,bazen oluyor böyle,neutral
254,2025-05-05T23:20:37.673721,user7068,biraz geç geldim,neutral
140,2025-05-05T23:44:37.665380,user9673,emin değilim konu ne,neutral
343,2025-05-06T00:10:37.684962,user7494,çok sıkıldım ya,negative
391,2025-05-06T00:42:37.689285,user6936,konu biraz dağınık,neutral
445,2025-05-06T00:44:37.692787,user1646,arada donuyor sanki,neutral
89,2025-05-06T01:18:37.661462,user4834,çok kötüydü yayın,negative
440,2025-05-06T01:35:37.692663,user79,efsane chat var bugün,positive
424,2025-05-06T02:02:37.691571,user7339,yayın akıyor valla 🔥,positive
28,2025-05-06T03:05:37.658154,user4089,hiçbir şey anlamıyorum,negative
10,2025-05-06T04:01:37.657463,user833,kötü değil ama mükemmel de değil,neutral
180,2025-05-06T04:20:37.668908,user1054,bugün biraz sessiz,neutral
131,2025-05-06T04:21:37.664316,user1875,çok sıkıldım ya,negative
462,2025-05-06T04:32:37.693767,user4262,tam troll yayını,negative
308,2025-05-06T04:35:37.678494,user3144,bazen oluyor böyle,neutral
335,2025-05-06T04:56:37.684249,user1135,şu anlık normal,neutral
14,2025-05-06T05:51:37.657636,user9870,niye bu kadar bağırıyor,negative
106,2025-05-06T06:09:37.662076,user6306,kimse konuşmuyor ama izliyor,neutral
408,2025-05-06T07:00:37.690599,user5302,ne anlatıyor şu an?,neutral
111,2025-05-06T07:03:37.662293,user8493,ses yankı yapıyor,negative
496,2025-05-06T07:43:37.696006,user2445,hocam anlat anlat bitmesin,positive
189,2025-05-06T07:47:37.669258,user4654,kimse konuşmuyor ama izliyor,neutral
377,2025-05-06T07:50:37.687904,user5359,niye bu kadar bağırıyor,negative
386,2025-05-06T07:50:37.688805,user2663,hocam hiç anlaşılmıyor,negative
40,2025-05-06T07:59:37.658883,user4305,biraz geç geldim,neutral
155,2025-05-06T08:06:37.667328,user5836,çok iyi anlatıyor ya,positive
437,2025-05-06T08:14:37.692328,user5891,adam tam bir profesyonel,positive
412,2025-05-06T08:30:37.690746,user1089,çok kötüydü yayın,negative
218,2025-05-06T08:40:37.670879,user9115,yine döktürdü hoca,positive
333,2025-05-06T08:47:37.684057,user8896,gereksiz uzattı,negative
367,2025-05-06T09:42:37.686834,user4249,hocam hiç anlaşılmıyor,negative
298,2025-05-06T10:06:37.677081,user5209,aynı şeyleri tekrar edip duruyor,negative
234,2025-05-06T10:16:37.672706,user2093,yine döktürdü hoca,positive
296,2025-05-06T11:39:37.676796,user8854,sıfır keyif,negative
183,2025-05-06T12:15:37.668987,user1251,çok bozdu bu yayın,negative
76,2025-05-06T13:13:37.660800,user5073,bazen oluyor böyle,neutral
157,2025-05-06T13:23:37.667487,user6376,adam tam bir profesyonel,positive
16,2025-05-06T13:25:37.657705,user166,hocam hiç anlaşılmıyor,negative
160,2025-05-06T13:46:37.667689,user856,gereksiz uzattı,negative
61,2025-05-06T14:10:37.660235,user2741,yine döktürdü hoca,positive
126,2025-05-06T14:30:37.663593,user328,hocam hiç anlaşılmıyor,negative
468,2025-05-06T15:02:37.693963,user8959,bakalım nasıl olacak,neutral
444,2025-05-06T15:24:37.692770,user8553,efsane chat var bugün,positive
359,2025-05-06T15:48:37.686218,user4870,ortam dengeli bugün,neutral
480,2025-05-06T16:11:37.694379,user6651,yayın akıyor valla 🔥,positive
354,2025-05-06T16:42:37.685950,user8073,kötü değil ama mükemmel de değil,neutral
418,2025-05-06T16:47:37.691067,user8808,tam zamanında geldim,positive
244,2025-05-06T16:59:37.673327,user2996,chat çok iyi yaa,positive
243,2025-05-06T17:25:37.673309,user9980,chat çok iyi yaa,positive
112,2025-05-06T17:47:37.662350,user8701,ne anlatıyor şu an?,neutral
303,2025-05-06T17:56:37.677871,user2350,moderatörler aktif,neutral
116,2025-05-06T18:31:37.662589,user5790,hiçbir şey anlamıyorum,negative
77,2025-05-06T18:46:37.660856,user9302,efsane chat var bugün,positive
119,2025-05-06T19:08:37.662771,user7112,yayını kaçırmamak gerek,positive
321,2025-05-06T19:29:37.683023,user2940,bu ne biçim içerik,negative
276,2025-05-06T19:40:37.674451,user4412,çok keyif aldım,positive
25,2025-05-06T19:53:37.658072,user9424,yayın akıyor valla 🔥,positive
302,2025-05-06T20:09:37.677759,user9694,güldüm baya ahahha,positive
125,2025-05-06T20:22:37.663493,user1832,gereksiz uzattı,negative
133,2025-05-06T20:23:37.664536,user3847,yine döktürdü hoca,positive
264,2025-05-06T20:39:37.674085,user2169,gelen geçen küfür ediyor,negative
295,2025-05-06T20:40:37.676734,user2908,çok iyi anlatıyor ya,positive
269,2025-05-06T21:17:37.674179,user7382,bu ne biçim içerik,negative
273,2025-05-06T21:30:37.674380,user5485,hocam anlat anlat bitmesin,positive
75,2025-05-06T21:55:37.660755,user5535,ses yankı yapıyor,negative
332,2025-05-06T22:01:37.683950,user344,hocam kral adamsın,positive
51,2025-05-06T22:18:37.659256,user9346,sıfır keyif,negative
241,2025-05-06T22:29:37.673264,user2747,yine döktürdü hoca,positive
11,2025-05-06T22:35:37.657528,user3479,bakalım nasıl olacak,neutral
186,2025-05-06T22:35:37.669035,user3426,çok keyif aldım,positive
226,2025-05-06T23:35:37.671789,user888,yayın açık arka planda,neutral
201,2025-05-07T00:11:37.670313,user8341,biraz geç geldim,neutral
170,2025-05-07T00:27:37.668626,user5395,çok kötüydü yayın,negative
171,2025-05-07T00:54:37.668684,user6084,tam troll yayını,negative
369,2025-05-07T00:57:37.687027,user2805,hocam hiç anlaşılmıyor,negative
41,2025-05-07T00:58:37.658951,user2318,şu anlık normal,neutral
320,2025-05-07T01:29:37.682940,user1398,kimse konuşmuyor ama izliyor,neutral
174,2025-05-07T01:53:37.668786,user4327,bağlantı kötü sürekli donuyor,negative
235,2025-05-07T01:57:37.672814,user6878,modlar nerede ya,negative
200,2025-05-07T02:01:37.670238,user8424,kötü değil ama mükemmel de değil,neutral
34,2025-05-07T02:16:37.658398,user8114,yayını kaçırmamak gerek,positive
410,2025-05-07T02:38:37.690677,user3323,yayın efsane gidiyor,positive
251,2025-05-07T03:29:37.673538,user6473,chat çok iyi yaa,positive
148,2025-05-07T03:32:37.666162,user2435,chat çok iyi yaa,positive
348,2025-05-07T03:40:37.685417,user5,hocam anlat anlat bitmesin,positive
349,2025-05-07T03:41:37.685514,user940,izlemeye devam,neutral
26,2025-05-07T03:45:37.658115,user4330,bu ne biçim içerik,negative
342,2025-05-07T03:45:37.684874,user9707,yine döktürdü hoca,positive
294,2025-05-07T03:51:37.676687,user2287,çok bozdu bu yayın,negative
402,2025-05-07T04:17:37.690432,user4852,yayını kaçırmamak gerek,positive
460,2025-05-07T04:22:37.693662,user7961,çok faydalı oldu,positive
419,2025-05-07T05:04:37.691152,user1306,berbat deneyimdi,negative
449,2025-05-07T05:41:37.692855,user5736,her şey normal gidiyor,neutral
227,2025-05-07T05:46:37.671853,user4396,tam zamanında geldim,positive
135,2025-05-07T06:04:37.664742,user5548,çok faydalı oldu,positive
283,2025-05-07T06:06:37.674987,user5678,izlemeye devam,neutral
347,2025-05-07T06:37:37.685335,user2724,chat zehir gibi olmuş,negative
494,2025-05-07T06:41:37.695495,user2238,herkes pozitif çok güzel ortam,positive
134,2025-05-07T06:47:37.664638,user7753,gereksiz uzattı,negative
245,2025-05-07T06:58:37.673345,user3014,gereksiz uzattı,negative
338,2025-05-07T07:03:37.684518,user1010,her şey normal gidiyor,neutral
2,2025-05-07T07:17:37.656795,user6748,bazen oluyor böyle,neutral
375,2025-05-07T07:26:37.687692,user6631,adam tam bir profesyonel,positive
483,2025-05-07T07:55:37.694487,user9747,efsane chat var bugün,positive
381,2025-05-07T07:59:37.688317,user9472,arada bir bakıyorum,neutral
168,2025-05-07T08:10:37.668532,user777,bir daha gelmem,negative
128,2025-05-07T08:26:37.663790,user8231,bugün biraz sessiz,neutral
93,2025-05-07T09:00:37.661609,user7299,yayın akıyor valla 🔥,positive
22,2025-05-07T09:12:37.657932,user5532,bakalım nasıl olacak,neutral
39,2025-05-07T09:32:37.658819,user325,niye bu kadar bağırıyor,negative
79,2025-05-07T09:34:37.660972,user6511,çok iyi anlatıyor ya,positive
475,2025-05-07T09:34:37.694078,user583,hocam anlat anlat bitmesin,positive
252,2025-05-07T10:49:37.673617,user8420,hocam hiç hazırlanmamış,negative
123,2025-05-07T11:47:37.663302,user4424,bugün biraz sessiz,neutral
409,2025-05-07T12:17:37.690618,user2515,tam zamanında geldim,positive
340,2025-05-07T12:39:37.684694,user5856,yine döktürdü hoca,positive
358,2025-05-07T12:47:37.686163,user1970,ses yankı yapıyor,negative
257,2025-05-07T13:28:37.673936,user4631,adam tam bir profesyonel,positive
69,2025-05-07T13:45:37.660497,user7377,berbat deneyimdi,negative
490,2025-05-07T13:51:37.694994,user5537,kötü değil ama mükemmel de değil,neutral
82,2025-05-07T14:19:37.661065,user8402,niye bu kadar bağırıyor,negative
392,2025-05-07T14:35:37.689406,user9211,her şey normal gidiyor,neutral
286,2025-05-07T14:42:37.675381,user47,herkes pozitif çok güzel ortam,positive
361,2025-05-07T15:35:37.686276,user9871,ortam dengeli bugün,neutral
499,2025-05-07T16:00:37.696256,user1043,çok yorum gelmiyor bugün,neutral
400,2025-05-07T16:53:37.690191,user5877,konu biraz dağınık,neutral
0,2025-05-07T17:11:37.656580,user1218,helal beeee 👏,positive
220,2025-05-07T17:14:37.670990,user4173,çok yorum gelmiyor bugün,neutral
363,2025-05-07T17:33:37.686475,user6395,hocam anlat anlat bitmesin,positive
242,2025-05-07T17:56:37.673290,user1320,chat çok iyi yaa,positive
120,2025-05-07T19:22:37.662978,user2495,berbat deneyimdi,negative
224,2025-05-07T19:24:37.671549,user9697,chat zehir gibi olmuş,negative
181,2025-05-07T19:34:37.668927,user7858,hocam hiç hazırlanmamış,negative
274,2025-05-07T19:37:37.674415,user9218,yayın açık arka planda,neutral
114,2025-05-07T20:33:37.662469,user1238,berbat deneyimdi,negative
322,2025-05-07T21:22:37.683087,user3344,modlar nerede ya,negative
81,2025-05-07T21:53:37.661030,user6911,bakalım nasıl olacak,neutral
156,2025-05-07T21:59:37.667418,user6322,bu ne biçim içerik,negative
103,2025-05-07T22:37:37.661955,user7378,şu anlık normal,neutral
467,2025-05-07T22:57:37.693938,user8957,kimse konuşmuyor ama izliyor,neutral
455,2025-05-07T22:58:37.693335,user8338,chat zehir gibi olmuş,negative
62,2025-05-07T23:12:37.660280,user6826,her şey normal gidiyor,neutral
387,2025-05-08T00:00:37.688868,user6809,gereksiz uzattı,negative
236,2025-05-08T00:21:37.672916,user9919,gereksiz uzattı,negative
176,2025-05-08T00:59:37.668819,user8599,tüm gün bunu bekledim,positive
309,2025-05-08T02:22:37.678554,user5647,bağlantı kötü sürekli donuyor,negative
450,2025-05-08T02:29:37.692994,user7150,hocam hiç hazırlanmamış,negative
29,2025-05-08T02:35:37.658181,user6225,bir daha gelmem,negative
222,2025-05-08T02:45:37.671234,user9032,çok yorum gelmiyor bugün,neutral
113,2025-05-08T03:09:37.662410,user4282,herkes pozitif çok güzel ortam,positive
356,2025-05-08T03:21:37.686057,user1986,çok iyi anlatıyor ya,positive
13,2025-05-08T03:24:37.657612,user9885,arada bir bakıyorum,neutral
311,2025-05-08T03:58:37.678947,user3570,her şey normal gidiyor,neutral
102,2025-05-08T04:04:37.661899,user4400,çok kötüydü yayın,negative
479,2025-05-08T04:16:37.694284,user2829,hocam hiç anlaşılmıyor,negative
326,2025-05-08T04:42:37.683403,user4331,hocam hiç anlaşılmıyor,negative
87,2025-05-08T05:07:37.661390,user6629,yayın açık arka planda,neutral
193,2025-05-08T05:43:37.669798,user7959,aynı şeyleri tekrar edip duruyor,negative
70,2025-05-08T06:01:37.660514,user3791,chat çok iyi yaa,positive
289,2025-05-08T06:10:37.675720,user7079,biraz geç geldim,neutral
109,2025-05-08T06:15:37.662171,user5128,bu ne biçim içerik,negative
284,2025-05-08T06:18:37.675154,user8996,modlar nerede ya,negative
416,2025-05-08T06:19:37.690859,user3393,gereksiz uzattı,negative
305,2025-05-08T07:47:37.678146,user5340,modlar nerede ya,negative
461,2025-05-08T08:06:37.693717,user9289,hiçbir şey anlamıyorum,negative
48,2025-05-08T08:17:37.659193,user174,adam tam bir profesyonel,positive
50,2025-05-08T08:17:37.659236,user5127,arada donuyor sanki,neutral
98,2025-05-08T08:18:37.661704,user5919,adam tam bir profesyonel,positive
65,2025-05-08T09:23:37.660400,user4688,ses yankı yapıyor,negative
260,2025-05-08T09:25:37.674015,user9864,gereksiz uzattı,negative
492,2025-05-08T09:40:37.695151,user1123,her şey normal gidiyor,neutral
374,2025-05-08T09:47:37.687600,user1215,çok faydalı oldu,positive
464,2025-05-08T10:43:37.693861,user1034,tam zamanında geldim,positive
452,2025-05-08T10:49:37.693129,user2474,çok keyif aldım,positive
117,2025-05-08T10:52:37.662648,user6578,helal beeee 👏,positive
53,2025-05-08T10:53:37.659352,user3735,rezalet resmen,negative
54,2025-05-08T11:05:37.659425,user5216,bu ne biçim içerik,negative
177,2025-05-08T11:05:37.668836,user6367,kötü değil ama mükemmel de değil,neutral
427,2025-05-08T11:19:37.691637,user9930,yayın açık arka planda,neutral
405,2025-05-08T11:41:37.690549,user2060,biraz geç geldim,neutral
